Month_Year,henry_hub_price_usd_per_mmbtu,natural_gas_total_consumption_mmcf,natural_gas_deliveries_electric_power_mmcf,dry_natural_gas_production_mmcf,storage_weekly_lower_48_states_natural_gas_working_underground_storage_billion_cubic_feet,storage_weekly_east_region_natural_gas_working_underground_storage_billion_cubic_feet,storage_weekly_midwest_region_natural_gas_working_underground_storage_billion_cubic_feet,storage_weekly_mountain_region_natural_gas_working_underground_storage_billion_cubic_feet,storage_weekly_pacific_region_natural_gas_working_underground_storage_billion_cubic_feet,storage_weekly_south_central_region_natural_gas_working_underground_storage_billion_cubic_feet,storage_weekly_salt_south_central_region_natural_gas_working_underground_storage_billion_cubic_feet,storage_weekly_nonsalt_south_central_region_natural_gas_working_underground_storage_billion_cubic_feet,weather_heating_degree_days_new_england,weather_heating_degree_days_middle_atlantic,weather_heating_degree_days_east_north_central,weather_heating_degree_days_west_north_central,weather_heating_degree_days_south_atlantic,weather_heating_degree_days_east_south_central,weather_heating_degree_days_west_south_central,weather_heating_degree_days_mountain,weather_heating_degree_days_pacific,weather_heating_degree_days_united_states
01-01-2010,5.832105263157895,2809788.0,545811.0,1737233.0,2406.0,582.0,661.0,164.0,221.0,779.0,108.0,671.0,1204.0,1147.0,1332.0,1461.0,724.0,931.0,641.0,887.0,538.0,927.0
01-02-2010,5.32,2480950.0,479615.0,1602690.0,1738.0,390.0,464.0,133.0,184.0,566.0,70.0,496.0,994.0,1012.0,1122.0,1222.0,654.0,822.0,594.0,777.0,473.0,808.0
01-03-2010,4.290869565217391,2142925.0,456864.0,1775686.0,1638.0,336.0,410.0,126.0,185.0,581.0,89.0,492.0,729.0,663.0,742.0,758.0,393.0,511.0,327.0,646.0,468.0,550.0
01-04-2010,4.033809523809524,1691813.0,471481.0,1726918.0,1994.0,416.0,480.0,138.0,220.0,741.0,133.0,608.0,433.0,349.0,327.0,302.0,110.0,134.0,67.0,443.0,418.0,272.0
01-05-2010,4.14,1617274.0,559665.0,1796596.0,2357.0,518.0,567.0,161.0,265.0,846.0,151.0,695.0,176.0,137.0,167.0,203.0,27.0,32.0,8.0,310.0,287.0,141.0
01-06-2010,4.801363636363636,1649515.0,705665.0,1716613.0,2684.0,615.0,666.0,178.0,305.0,920.0,158.0,762.0,32.0,13.0,23.0,38.0,0.0,0.0,0.0,83.0,99.0,31.0
01-07-2010,4.626666666666667,1825828.0,897182.0,1805745.0,2947.0,716.0,766.0,197.0,313.0,955.0,148.0,807.0,1.0,0.0,1.0,8.0,0.0,0.0,0.0,18.0,25.0,6.0
01-08-2010,4.315,1878926.0,943002.0,1826614.0,3105.0,805.0,861.0,209.0,301.0,930.0,133.0,797.0,14.0,6.0,5.0,8.0,0.0,0.0,0.0,28.0,28.0,9.0
01-09-2010,3.894285714285714,1637491.0,696723.0,1772370.0,3415.0,876.0,979.0,227.0,309.0,1024.0,153.0,871.0,73.0,55.0,95.0,135.0,6.0,12.0,2.0,96.0,59.0,52.0
01-10-2010,3.4342857142857146,1664938.0,570363.0,1862916.0,3821.0,955.0,1120.0,235.0,323.0,1188.0,193.0,995.0,419.0,358.0,349.0,335.0,124.0,173.0,59.0,294.0,207.0,237.0
01-11-2010,3.713809523809524,1973294.0,496539.0,1802484.0,3805.0,940.0,1100.0,227.0,313.0,1224.0,218.0,1006.0,718.0,666.0,719.0,773.0,341.0,414.0,246.0,687.0,468.0,525.0
01-12-2010,4.248636363636364,2714054.0,564274.0,1889640.0,3097.0,715.0,866.0,192.0,275.0,1050.0,175.0,875.0,1142.0,1134.0,1307.0,1326.0,785.0,924.0,506.0,792.0,558.0,901.0
01-01-2011,4.4935,2888640.0,539792.0,1860566.0,2355.0,519.0,639.0,156.0,211.0,830.0,142.0,688.0,1317.0,1257.0,1371.0,1471.0,716.0,900.0,621.0,937.0,557.0,954.0
01-02-2011,4.092631578947369,2452403.0,483686.0,1647326.0,1745.0,359.0,445.0,124.0,147.0,671.0,100.0,571.0,1105.0,978.0,1072.0,1144.0,438.0,572.0,431.0,844.0,580.0,741.0
01-03-2011,3.9505,2230493.0,481926.0,1907851.0,1622.0,293.0,369.0,110.0,137.0,713.0,131.0,582.0,918.0,836.0,881.0,899.0,346.0,402.0,194.0,587.0,495.0,581.0
01-04-2011,4.218666666666667,1825023.0,521453.0,1868299.0,1757.0,321.0,380.0,105.0,161.0,789.0,149.0,640.0,531.0,432.0,493.0,467.0,111.0,131.0,37.0,442.0,384.0,314.0
01-05-2011,4.310952380952381,1667396.0,571998.0,1934850.0,2107.0,434.0,469.0,115.0,197.0,892.0,177.0,715.0,224.0,145.0,215.0,231.0,35.0,63.0,12.0,309.0,285.0,157.0
01-06-2011,4.578333333333333,1657334.0,699414.0,1862207.0,2432.0,542.0,576.0,136.0,237.0,941.0,182.0,759.0,55.0,18.0,32.0,46.0,1.0,1.0,0.0,98.0,116.0,39.0
01-07-2011,4.427222222222222,1890515.0,938575.0,1936850.0,2759.0,666.0,703.0,152.0,285.0,954.0,160.0,794.0,3.0,0.0,0.0,3.0,0.0,0.0,0.0,16.0,33.0,7.0
01-08-2011,4.054782608695652,1891783.0,921449.0,1959548.0,2960.0,751.0,815.0,168.0,298.0,929.0,139.0,790.0,14.0,8.0,13.0,15.0,0.0,0.0,0.0,14.0,22.0,9.0
01-09-2011,3.896190476190476,1655634.0,684198.0,1893345.0,3408.0,879.0,990.0,189.0,319.0,1031.0,170.0,861.0,65.0,48.0,128.0,154.0,12.0,32.0,7.0,102.0,39.0,57.0
01-10-2011,3.5657142857142854,1744454.0,574932.0,2018734.0,3793.0,947.0,1109.0,200.0,348.0,1189.0,244.0,945.0,381.0,358.0,388.0,343.0,170.0,239.0,68.0,329.0,195.0,256.0
01-11-2011,3.238571428571429,2031872.0,542546.0,1978161.0,3850.0,953.0,1108.0,204.0,357.0,1229.0,276.0,953.0,591.0,543.0,624.0,731.0,288.0,379.0,238.0,664.0,480.0,473.0
01-12-2011,3.1695238095238096,2541878.0,613894.0,2034141.0,3471.0,853.0,964.0,183.0,308.0,1163.0,279.0,884.0,909.0,847.0,955.0,1066.0,447.0,628.0,507.0,962.0,638.0,724.0
01-01-2012,2.6705,2756180.0,648823.0,2046268.0,2966.0,682.0,778.0,160.0,278.0,1068.0,254.0,814.0,1080.0,1007.0,1104.0,1123.0,539.0,642.0,430.0,814.0,545.0,763.0
01-02-2012,2.5044999999999997,2500654.0,644530.0,1876815.0,2513.0,545.0,619.0,141.0,266.0,942.0,214.0,728.0,890.0,814.0,901.0,928.0,407.0,518.0,344.0,748.0,496.0,629.0
01-03-2012,2.171818181818182,2127761.0,674099.0,2013944.0,2472.0,510.0,563.0,137.0,256.0,1006.0,260.0,746.0,660.0,536.0,443.0,453.0,185.0,200.0,123.0,532.0,513.0,381.0
01-04-2012,1.945,1953071.0,714338.0,1943437.0,2576.0,557.0,597.0,142.0,276.0,1005.0,249.0,756.0,490.0,457.0,467.0,359.0,141.0,152.0,32.0,328.0,320.0,292.0
01-05-2012,2.4318181818181817,1873835.0,812467.0,2016486.0,2815.0,644.0,669.0,151.0,309.0,1042.0,261.0,781.0,179.0,109.0,122.0,124.0,19.0,22.0,2.0,198.0,186.0,99.0
01-06-2012,2.455238095238095,1868356.0,879881.0,1939055.0,3102.0,738.0,764.0,169.0,353.0,1080.0,258.0,822.0,58.0,24.0,22.0,25.0,3.0,2.0,0.0,53.0,99.0,31.0
01-07-2012,2.9533333333333336,2069773.0,1081688.0,2055476.0,3217.0,775.0,820.0,185.0,364.0,1073.0,234.0,839.0,3.0,0.0,0.0,1.0,0.0,0.0,0.0,7.0,26.0,5.0
01-08-2012,2.8382608695652176,2008815.0,1003938.0,2045359.0,3402.0,847.0,936.0,200.0,342.0,1077.0,221.0,856.0,7.0,6.0,18.0,22.0,0.0,0.0,0.0,14.0,15.0,9.0
01-09-2012,2.8478947368421053,1807208.0,802588.0,1990747.0,3654.0,908.0,1044.0,217.0,347.0,1137.0,245.0,892.0,120.0,78.0,120.0,129.0,15.0,26.0,3.0,94.0,43.0,61.0
01-10-2012,3.317391304347826,1901084.0,669195.0,2061550.0,3907.0,960.0,1119.0,227.0,368.0,1233.0,300.0,933.0,354.0,324.0,445.0,480.0,141.0,230.0,84.0,344.0,181.0,262.0
01-11-2012,3.5404761904761903,2167841.0,579745.0,1997917.0,3804.0,902.0,1072.0,228.0,375.0,1228.0,316.0,912.0,780.0,755.0,782.0,757.0,418.0,528.0,230.0,534.0,373.0,541.0
01-12-2012,3.3415,2503907.0,599502.0,2046213.0,3517.0,829.0,959.0,207.0,352.0,1170.0,302.0,868.0,942.0,850.0,931.0,1119.0,437.0,559.0,400.0,895.0,622.0,699.0
01-01-2013,3.3285714285714287,2878785.0,631685.0,2023011.0,2802.0,651.0,732.0,172.0,274.0,973.0,244.0,729.0,1169.0,1062.0,1178.0,1264.0,506.0,681.0,497.0,1016.0,646.0,829.0
01-02-2013,3.3299999999999996,2567155.0,568388.0,1832561.0,2229.0,458.0,534.0,146.0,252.0,838.0,208.0,630.0,1026.0,989.0,1090.0,1098.0,506.0,624.0,368.0,807.0,520.0,734.0
01-03-2013,3.8095,2521108.0,603910.0,2023443.0,1687.0,302.0,356.0,122.0,248.0,659.0,166.0,493.0,921.0,895.0,1022.0,1049.0,505.0,628.0,311.0,591.0,393.0,660.0
01-04-2013,4.166363636363636,1967458.0,564827.0,1983451.0,1776.0,344.0,356.0,118.0,262.0,697.0,198.0,499.0,566.0,480.0,543.0,630.0,150.0,216.0,123.0,458.0,289.0,348.0
01-05-2013,4.041363636363636,1752469.0,614808.0,2042563.0,2252.0,491.0,473.0,132.0,304.0,852.0,254.0,598.0,244.0,191.0,174.0,227.0,60.0,70.0,15.0,217.0,158.0,136.0
01-06-2013,3.826,1742917.0,737150.0,1973764.0,2606.0,599.0,586.0,148.0,336.0,936.0,265.0,671.0,36.0,22.0,40.0,48.0,1.0,1.0,0.0,56.0,51.0,26.0
01-07-2013,3.622727272727273,1926330.0,911124.0,2079830.0,2845.0,661.0,684.0,160.0,340.0,1001.0,267.0,734.0,2.0,1.0,8.0,15.0,0.0,0.0,0.0,10.0,12.0,5.0
01-08-2013,3.4254545454545453,1927379.0,900530.0,2075354.0,3189.0,760.0,831.0,181.0,364.0,1052.0,261.0,791.0,27.0,17.0,22.0,19.0,1.0,0.0,0.0,16.0,14.0,12.0
01-09-2013,3.62,1766973.0,751482.0,2003186.0,3487.0,840.0,951.0,197.0,373.0,1126.0,278.0,848.0,139.0,110.0,88.0,67.0,19.0,16.0,1.0,98.0,56.0,59.0
01-10-2013,3.677826086956522,1866762.0,637038.0,2076228.0,3779.0,908.0,1046.0,211.0,385.0,1230.0,318.0,912.0,397.0,314.0,393.0,439.0,124.0,170.0,66.0,413.0,239.0,258.0
01-11-2013,3.638,2316909.0,601019.0,2029834.0,3613.0,863.0,987.0,208.0,368.0,1188.0,303.0,885.0,785.0,747.0,837.0,880.0,385.0,544.0,347.0,613.0,391.0,573.0
01-12-2013,4.239047619047619,2920826.0,668792.0,2062296.0,2975.0,715.0,776.0,175.0,281.0,1028.0,269.0,759.0,1113.0,1001.0,1228.0,1405.0,477.0,701.0,597.0,969.0,598.0,830.0
01-01-2014,4.713333333333334,3204129.0,662881.0,2070203.0,1924.0,459.0,452.0,136.0,202.0,674.0,137.0,537.0,1303.0,1303.0,1519.0,1485.0,760.0,1016.0,650.0,834.0,439.0,972.0
01-02-2014,6.000526315789474,2741240.0,551109.0,1914141.0,1196.0,280.0,239.0,101.0,117.0,459.0,88.0,371.0,1141.0,1102.0,1323.0,1349.0,494.0,690.0,478.0,705.0,450.0,800.0
01-03-2014,4.903333333333333,2557890.0,560808.0,2134549.0,824.0,167.0,138.0,85.0,102.0,332.0,60.0,272.0,1117.0,1025.0,1094.0,1032.0,462.0,565.0,351.0,582.0,375.0,684.0
01-04-2014,4.657619047619048,1961678.0,548899.0,2116226.0,981.0,198.0,158.0,82.0,135.0,408.0,104.0,304.0,583.0,504.0,496.0,513.0,157.0,182.0,81.0,404.0,276.0,325.0
01-05-2014,4.581904761904762,1810222.0,646929.0,2174959.0,1499.0,341.0,310.0,100.0,196.0,553.0,163.0,390.0,254.0,178.0,204.0,200.0,37.0,49.0,11.0,217.0,132.0,127.0
01-06-2014,4.5876190476190475,1745351.0,720750.0,2115666.0,1928.0,462.0,455.0,120.0,241.0,650.0,188.0,462.0,46.0,19.0,26.0,40.0,1.0,1.0,0.0,86.0,62.0,28.0
01-07-2014,4.050909090909091,1881017.0,843303.0,2232675.0,2307.0,557.0,593.0,141.0,272.0,744.0,210.0,534.0,4.0,7.0,29.0,30.0,1.0,1.0,0.0,11.0,9.0,10.0
01-08-2014,3.912380952380952,1933061.0,897806.0,2244834.0,2709.0,681.0,772.0,159.0,299.0,798.0,211.0,587.0,32.0,19.0,19.0,21.0,1.0,0.0,0.0,37.0,11.0,13.0
01-09-2014,3.923809523809524,1809291.0,770947.0,2171651.0,3099.0,790.0,913.0,174.0,313.0,910.0,248.0,662.0,110.0,73.0,120.0,126.0,11.0,17.0,4.0,100.0,37.0,57.0
01-10-2014,3.781739130434783,1912810.0,703390.0,2266298.0,3571.0,894.0,1051.0,189.0,346.0,1091.0,314.0,777.0,358.0,310.0,419.0,389.0,118.0,162.0,37.0,273.0,122.0,221.0
01-11-2014,4.122631578947368,2357521.0,600392.0,2179157.0,3410.0,839.0,980.0,176.0,338.0,1076.0,314.0,762.0,785.0,756.0,937.0,1022.0,441.0,626.0,389.0,653.0,354.0,615.0
01-12-2014,3.4818181818181815,2679165.0,638769.0,2269247.0,3220.0,765.0,885.0,163.0,335.0,1072.0,330.0,742.0,941.0,895.0,1010.0,1103.0,479.0,627.0,420.0,836.0,512.0,707.0
01-01-2015,2.9945,3114982.0,711324.0,2276791.0,2428.0,553.0,632.0,133.0,273.0,838.0,247.0,591.0,1336.0,1257.0,1334.0,1267.0,645.0,836.0,622.0,818.0,472.0,892.0
01-02-2015,2.874736842105263,2925172.0,648343.0,2066675.0,1709.0,353.0,361.0,118.0,271.0,606.0,136.0,470.0,1412.0,1316.0,1405.0,1307.0,668.0,864.0,498.0,600.0,335.0,869.0
01-03-2015,2.830909090909091,2591329.0,708731.0,2298208.0,1461.0,255.0,261.0,114.0,269.0,562.0,132.0,430.0,1101.0,1000.0,951.0,803.0,359.0,445.0,278.0,483.0,285.0,585.0
01-04-2015,2.609047619047619,2007922.0,664276.0,2256179.0,1711.0,294.0,296.0,118.0,281.0,721.0,209.0,512.0,588.0,480.0,454.0,399.0,132.0,147.0,55.0,395.0,295.0,300.0
01-05-2015,2.85,1858149.0,734486.0,2297826.0,2233.0,440.0,431.0,136.0,316.0,910.0,277.0,633.0,148.0,99.0,159.0,215.0,22.0,37.0,14.0,267.0,208.0,119.0
01-06-2015,2.7836363636363637,1899906.0,886475.0,2218529.0,2579.0,552.0,546.0,155.0,333.0,993.0,292.0,700.0,84.0,29.0,45.0,40.0,1.0,1.0,0.0,42.0,26.0,24.0
01-07-2015,2.8395652173913044,2067714.0,1045542.0,2299745.0,2910.0,658.0,683.0,174.0,341.0,1054.0,292.0,762.0,7.0,4.0,12.0,12.0,0.0,0.0,0.0,24.0,7.0,6.0
01-08-2015,2.7738095238095237,2052728.0,1026590.0,2302361.0,3190.0,751.0,815.0,188.0,345.0,1091.0,290.0,801.0,8.0,8.0,24.0,33.0,0.0,1.0,0.0,20.0,13.0,11.0
01-09-2015,2.6609090909090907,1901337.0,895044.0,2242155.0,3537.0,837.0,952.0,201.0,355.0,1192.0,321.0,870.0,43.0,26.0,39.0,50.0,8.0,13.0,1.0,78.0,58.0,32.0
01-10-2015,2.340909090909091,1987310.0,791541.0,2300017.0,3931.0,916.0,1097.0,216.0,377.0,1325.0,371.0,955.0,458.0,390.0,365.0,356.0,144.0,165.0,42.0,247.0,112.0,228.0
01-11-2015,2.092380952380952,2249140.0,732413.0,2216479.0,3956.0,919.0,1109.0,211.0,375.0,1342.0,380.0,962.0,609.0,528.0,603.0,651.0,238.0,313.0,217.0,686.0,471.0,446.0
01-12-2015,1.929565217391304,2588168.0,768606.0,2290495.0,3756.0,876.0,1025.0,195.0,338.0,1322.0,378.0,944.0,725.0,623.0,775.0,961.0,280.0,402.0,356.0,936.0,621.0,582.0
01-01-2016,2.282380952380952,3091695.0,773954.0,2280340.0,2934.0,641.0,767.0,159.0,271.0,1096.0,303.0,793.0,1128.0,1117.0,1241.0,1305.0,661.0,857.0,564.0,917.0,571.0,872.0
01-02-2016,1.9890476190476192,2652260.0,689800.0,2163435.0,2536.0,495.0,621.0,145.0,255.0,1020.0,285.0,735.0,956.0,900.0,957.0,937.0,485.0,574.0,310.0,619.0,342.0,630.0
01-03-2016,1.7282608695652173,2356298.0,744765.0,2286521.0,2468.0,439.0,555.0,147.0,262.0,1065.0,315.0,750.0,754.0,643.0,669.0,654.0,241.0,324.0,179.0,543.0,396.0,451.0
01-04-2016,1.9185714285714288,2083848.0,718893.0,2211218.0,2625.0,454.0,566.0,157.0,284.0,1164.0,362.0,802.0,605.0,513.0,506.0,425.0,153.0,163.0,60.0,381.0,243.0,310.0
01-05-2016,1.9222727272727271,1965799.0,804431.0,2258898.0,2907.0,537.0,655.0,178.0,304.0,1233.0,370.0,863.0,251.0,212.0,221.0,207.0,59.0,71.0,17.0,254.0,181.0,151.0
01-06-2016,2.5863636363636364,2000656.0,970308.0,2165089.0,3140.0,632.0,742.0,198.0,315.0,1253.0,360.0,893.0,45.0,21.0,25.0,27.0,1.0,0.0,0.0,42.0,44.0,21.0
01-07-2016,2.822857142857143,2186616.0,1139968.0,2255564.0,3288.0,729.0,825.0,213.0,314.0,1207.0,320.0,886.0,3.0,1.0,2.0,11.0,0.0,0.0,0.0,15.0,20.0,6.0
01-08-2016,2.823913043478261,2208375.0,1151236.0,2237678.0,3401.0,796.0,904.0,222.0,310.0,1169.0,287.0,883.0,5.0,1.0,5.0,17.0,0.0,0.0,0.0,31.0,12.0,6.0
01-09-2016,2.9936363636363637,1947752.0,915286.0,2151150.0,3680.0,899.0,1045.0,237.0,318.0,1181.0,289.0,893.0,67.0,37.0,40.0,75.0,2.0,5.0,1.0,115.0,66.0,39.0
01-10-2016,2.9785714285714286,1925203.0,743796.0,2214145.0,3963.0,940.0,1130.0,249.0,326.0,1318.0,374.0,944.0,388.0,315.0,285.0,305.0,92.0,89.0,22.0,265.0,201.0,198.0
01-11-2016,2.549545454545455,2159445.0,662046.0,2160600.0,3995.0,912.0,1130.0,258.0,328.0,1367.0,400.0,967.0,672.0,607.0,582.0,569.0,291.0,339.0,153.0,512.0,332.0,419.0
01-12-2016,3.5913636363636368,2866273.0,670787.0,2207475.0,3311.0,737.0,921.0,207.0,275.0,1171.0,343.0,828.0,1053.0,972.0,1166.0,1258.0,481.0,672.0,443.0,928.0,628.0,784.0
01-01-2017,3.3045454545454547,2913823.0,659623.0,2187447.0,2711.0,569.0,730.0,164.0,221.0,1027.0,340.0,687.0,1038.0,969.0,1082.0,1213.0,478.0,579.0,417.0,963.0,666.0,768.0
01-02-2017,2.853,2340217.0,568781.0,2003393.0,2363.0,422.0,608.0,146.0,205.0,982.0,333.0,649.0,905.0,778.0,775.0,818.0,324.0,409.0,208.0,628.0,496.0,549.0
01-03-2017,2.8795652173913044,2523331.0,672176.0,2268204.0,2051.0,268.0,479.0,142.0,216.0,946.0,295.0,651.0,1036.0,907.0,834.0,783.0,348.0,388.0,147.0,467.0,393.0,545.0
01-04-2017,3.102,1932042.0,627049.0,2197733.0,2256.0,325.0,519.0,153.0,233.0,1026.0,329.0,697.0,451.0,340.0,349.0,401.0,76.0,94.0,51.0,404.0,309.0,248.0
01-05-2017,3.1495652173913045,1892010.0,700059.0,2270953.0,2525.0,419.0,585.0,166.0,258.0,1097.0,342.0,755.0,303.0,232.0,249.0,225.0,47.0,57.0,14.0,235.0,171.0,154.0
01-06-2017,2.975454545454545,1910441.0,851035.0,2219000.0,2878.0,564.0,699.0,187.0,287.0,1141.0,332.0,810.0,45.0,24.0,27.0,37.0,2.0,3.0,0.0,59.0,50.0,25.0
01-07-2017,2.9842857142857144,2141595.0,1081826.0,2316614.0,2999.0,651.0,754.0,200.0,293.0,1101.0,296.0,805.0,9.0,3.0,6.0,10.0,0.0,0.0,0.0,6.0,14.0,5.0
01-08-2017,2.901304347826087,2093773.0,1022019.0,2315312.0,3155.0,749.0,840.0,205.0,301.0,1060.0,262.0,797.0,27.0,17.0,34.0,50.0,1.0,1.0,0.0,26.0,9.0,15.0
01-09-2017,2.975714285714286,1920466.0,859260.0,2279811.0,3508.0,861.0,989.0,220.0,311.0,1127.0,300.0,827.0,57.0,52.0,64.0,78.0,14.0,24.0,3.0,120.0,45.0,44.0
01-10-2017,2.878636363636363,2031510.0,772543.0,2397665.0,3775.0,926.0,1107.0,226.0,317.0,1199.0,324.0,874.0,237.0,213.0,291.0,363.0,89.0,146.0,59.0,359.0,178.0,193.0
01-11-2017,3.0136363636363637,2357258.0,666156.0,2392537.0,3693.0,876.0,1068.0,221.0,314.0,1214.0,348.0,866.0,742.0,697.0,774.0,806.0,323.0,408.0,180.0,490.0,352.0,492.0
01-12-2017,2.8225,3086015.0,785029.0,2491914.0,3126.0,740.0,875.0,183.0,268.0,1060.0,302.0,759.0,1186.0,1084.0,1198.0,1219.0,537.0,729.0,500.0,817.0,508.0,800.0
01-01-2018,3.8755,3340935.0,786001.0,2441063.0,2197.0,525.0,596.0,137.0,220.0,719.0,169.0,550.0,1257.0,1214.0,1308.0,1374.0,702.0,929.0,660.0,771.0,459.0,899.0
01-02-2018,2.670526315789474,2710719.0,690022.0,2250905.0,1682.0,382.0,398.0,102.0,189.0,611.0,183.0,429.0,868.0,811.0,981.0,1180.0,309.0,410.0,349.0,749.0,496.0,627.0
01-03-2018,2.6928571428571426,2796708.0,756528.0,2521151.0,1354.0,229.0,266.0,87.0,166.0,606.0,188.0,419.0,925.0,911.0,922.0,869.0,436.0,475.0,186.0,604.0,487.0,611.0
01-04-2018,2.796190476190476,2350481.0,703919.0,2435681.0,1343.0,223.0,221.0,86.0,187.0,626.0,190.0,436.0,674.0,616.0,703.0,716.0,206.0,312.0,142.0,381.0,300.0,412.0
01-05-2018,2.800909090909091,2055019.0,848085.0,2545810.0,1725.0,328.0,315.0,113.0,221.0,748.0,235.0,514.0,168.0,108.0,99.0,88.0,12.0,13.0,0.0,163.0,175.0,86.0
01-06-2018,2.967142857142857,2063144.0,952554.0,2476154.0,2152.0,460.0,455.0,139.0,257.0,841.0,245.0,596.0,62.0,28.0,24.0,23.0,1.0,0.0,0.0,57.0,65.0,26.0
01-07-2018,2.8323809523809524,2350719.0,1223514.0,2609653.0,2305.0,552.0,552.0,146.0,249.0,807.0,206.0,601.0,2.0,1.0,4.0,11.0,0.0,0.0,0.0,9.0,8.0,4.0
01-08-2018,2.9617391304347827,2313836.0,1185530.0,2662285.0,2567.0,659.0,702.0,162.0,246.0,799.0,183.0,615.0,3.0,2.0,8.0,19.0,0.0,0.0,0.0,25.0,13.0,7.0
01-09-2018,2.995263157894737,2156063.0,1029799.0,2618670.0,2866.0,763.0,836.0,177.0,262.0,829.0,181.0,648.0,65.0,33.0,48.0,90.0,2.0,3.0,3.0,89.0,62.0,38.0
01-10-2018,3.2752173913043476,2285854.0,887814.0,2740273.0,3143.0,826.0,956.0,180.0,262.0,919.0,234.0,686.0,456.0,353.0,420.0,495.0,99.0,138.0,69.0,384.0,187.0,254.0
01-11-2018,4.091,2715942.0,762951.0,2698177.0,2991.0,752.0,914.0,168.0,253.0,905.0,263.0,642.0,818.0,764.0,914.0,1004.0,382.0,566.0,372.0,679.0,355.0,595.0
01-12-2018,4.041666666666667,2999510.0,762221.0,2774454.0,2705.0,661.0,798.0,147.0,220.0,878.0,296.0,582.0,1026.0,928.0,1003.0,1104.0,490.0,633.0,471.0,898.0,564.0,733.0
01-01-2019,3.1085714285714285,3424302.0,848519.0,2766868.0,2197.0,527.0,606.0,114.0,178.0,771.0,278.0,493.0,1221.0,1151.0,1302.0,1361.0,584.0,748.0,545.0,893.0,542.0,861.0
01-02-2019,2.6926315789473683,3019120.0,779310.0,2516133.0,1539.0,354.0,385.0,79.0,122.0,598.0,199.0,399.0,1030.0,940.0,1062.0,1286.0,378.0,459.0,356.0,867.0,655.0,721.0
01-03-2019,2.948571428571429,2927812.0,813526.0,2798471.0,1130.0,210.0,241.0,64.0,113.0,502.0,156.0,347.0,976.0,889.0,961.0,1003.0,377.0,506.0,305.0,668.0,491.0,634.0
01-04-2019,2.6471428571428572,2212386.0,739680.0,2721306.0,1462.0,279.0,290.0,75.0,152.0,666.0,224.0,442.0,528.0,411.0,475.0,455.0,110.0,165.0,78.0,375.0,275.0,289.0
01-05-2019,2.639090909090909,2133985.0,836087.0,2833477.0,1986.0,414.0,436.0,101.0,213.0,821.0,256.0,565.0,313.0,187.0,236.0,273.0,16.0,24.0,11.0,314.0,241.0,159.0
01-06-2019,2.3985,2119341.0,990562.0,2749637.0,2390.0,526.0,568.0,134.0,255.0,907.0,259.0,648.0,56.0,31.0,48.0,46.0,2.0,3.0,0.0,97.0,60.0,34.0
01-07-2019,2.366190476190476,2393904.0,1254667.0,2856964.0,2634.0,597.0,677.0,156.0,270.0,934.0,226.0,708.0,2.0,0.0,1.0,8.0,0.0,0.0,0.0,15.0,20.0,5.0
01-08-2019,2.2209090909090907,2433924.0,1277904.0,2926429.0,2941.0,714.0,827.0,177.0,276.0,947.0,197.0,749.0,16.0,9.0,20.0,32.0,0.0,0.0,0.0,17.0,12.0,10.0
01-09-2019,2.559,2206252.0,1080775.0,2842862.0,3317.0,826.0,973.0,199.0,291.0,1029.0,220.0,809.0,118.0,57.0,42.0,67.0,2.0,1.0,0.0,96.0,64.0,41.0
01-10-2019,2.331304347826087,2306544.0,936668.0,2963416.0,3695.0,913.0,1095.0,211.0,298.0,1178.0,293.0,885.0,388.0,301.0,390.0,526.0,78.0,128.0,85.0,479.0,239.0,255.0
01-11-2019,2.641578947368421,2783754.0,818868.0,2914843.0,3591.0,891.0,1040.0,200.0,286.0,1174.0,316.0,858.0,831.0,788.0,913.0,925.0,394.0,573.0,345.0,618.0,372.0,591.0
01-12-2019,2.224285714285714,3170717.0,911529.0,3008614.0,3192.0,771.0,905.0,173.0,251.0,1093.0,313.0,780.0,1060.0,970.0,975.0,1099.0,451.0,573.0,418.0,871.0,575.0,717.0
01-01-2020,2.0185714285714287,3327245.0,948931.0,3018453.0,2609.0,598.0,725.0,136.0,210.0,941.0,281.0,660.0,1032.0,954.0,1051.0,1225.0,483.0,635.0,429.0,850.0,565.0,741.0
01-02-2020,1.9131578947368424,3062299.0,893044.0,2769451.0,2091.0,451.0,558.0,101.0,197.0,784.0,229.0,555.0,924.0,837.0,1002.0,1071.0,398.0,554.0,401.0,764.0,447.0,653.0
01-03-2020,1.7886363636363638,2725503.0,890784.0,2952802.0,1986.0,382.0,476.0,92.0,197.0,840.0,256.0,585.0,778.0,668.0,734.0,745.0,232.0,293.0,138.0,599.0,526.0,485.0
01-04-2020,1.7390476190476192,2263569.0,777804.0,2850742.0,2210.0,405.0,506.0,103.0,218.0,979.0,314.0,664.0,655.0,565.0,566.0,533.0,178.0,248.0,88.0,413.0,309.0,360.0
01-05-2020,1.7485,2076671.0,837108.0,2723828.0,2714.0,536.0,634.0,140.0,273.0,1131.0,353.0,778.0,289.0,249.0,256.0,246.0,74.0,86.0,13.0,185.0,148.0,157.0
01-06-2020,1.6318181818181818,2134224.0,1041101.0,2712029.0,3077.0,639.0,740.0,173.0,304.0,1222.0,368.0,854.0,29.0,17.0,22.0,21.0,2.0,3.0,0.0,73.0,70.0,25.0
01-07-2020,1.7586363636363636,2468300.0,1345797.0,2800638.0,3274.0,718.0,830.0,202.0,311.0,1214.0,336.0,878.0,1.0,0.0,1.0,6.0,0.0,0.0,0.0,14.0,19.0,5.0
01-08-2020,2.3023809523809526,2404283.0,1276048.0,2802176.0,3455.0,789.0,924.0,212.0,304.0,1225.0,331.0,895.0,10.0,4.0,13.0,18.0,0.0,0.0,0.0,9.0,16.0,7.0
01-09-2020,1.9223809523809523,2156948.0,1015907.0,2738793.0,3756.0,872.0,1033.0,231.0,316.0,1304.0,358.0,945.0,104.0,79.0,111.0,143.0,17.0,20.0,8.0,103.0,31.0,58.0
01-10-2020,2.389090909090909,2320505.0,948293.0,2780936.0,3919.0,947.0,1119.0,240.0,320.0,1293.0,348.0,945.0,399.0,336.0,464.0,556.0,97.0,155.0,83.0,325.0,133.0,248.0
01-11-2020,2.6136842105263156,2446546.0,772059.0,2774983.0,3939.0,934.0,1122.0,240.0,318.0,1326.0,368.0,958.0,615.0,546.0,599.0,664.0,227.0,345.0,175.0,564.0,412.0,423.0
01-12-2020,2.575909090909091,3188152.0,884847.0,2886298.0,3460.0,810.0,973.0,204.0,289.0,1183.0,334.0,849.0,987.0,943.0,1035.0,1098.0,557.0,726.0,476.0,885.0,543.0,751.0
01-01-2021,2.7126315789473683,3335219.0,864025.0,2871976.0,2689.0,582.0,719.0,158.0,261.0,970.0,281.0,689.0,1124.0,1065.0,1147.0,1181.0,579.0,738.0,515.0,875.0,550.0,805.0
01-02-2021,5.353684210526316,3095717.0,784546.0,2401865.0,1845.0,383.0,465.0,117.0,210.0,670.0,159.0,511.0,1052.0,1016.0,1249.0,1375.0,485.0,716.0,580.0,780.0,493.0,794.0
01-03-2021,2.6182608695652174,2640102.0,741980.0,2900170.0,1764.0,307.0,401.0,112.0,194.0,749.0,226.0,523.0,837.0,736.0,690.0,673.0,283.0,338.0,200.0,643.0,524.0,508.0
01-04-2021,2.662857142857143,2271622.0,761281.0,2828588.0,1958.0,332.0,442.0,124.0,224.0,836.0,264.0,572.0,520.0,440.0,448.0,478.0,154.0,231.0,102.0,404.0,286.0,308.0
01-05-2021,2.9125,2116420.0,813818.0,2920531.0,2313.0,413.0,522.0,151.0,268.0,959.0,300.0,659.0,247.0,215.0,243.0,225.0,56.0,83.0,18.0,221.0,175.0,151.0
01-06-2021,3.258181818181818,2242031.0,1087086.0,2816197.0,2558.0,513.0,623.0,173.0,244.0,1005.0,296.0,709.0,15.0,10.0,14.0,14.0,1.0,1.0,0.0,35.0,28.0,12.0
01-07-2021,3.8404761904761906,2417590.0,1238444.0,2937568.0,2727.0,604.0,719.0,184.0,244.0,976.0,250.0,726.0,13.0,4.0,7.0,8.0,0.0,0.0,0.0,5.0,10.0,5.0
01-08-2021,4.074090909090909,2436266.0,1262329.0,2946272.0,2871.0,678.0,812.0,190.0,243.0,948.0,214.0,734.0,4.0,2.0,5.0,12.0,0.0,0.0,0.0,23.0,14.0,6.0
01-09-2021,5.161428571428571,2138211.0,988732.0,2870587.0,3170.0,779.0,934.0,201.0,243.0,1013.0,239.0,774.0,68.0,50.0,57.0,68.0,10.0,20.0,1.0,82.0,53.0,40.0
01-10-2021,5.513809523809523,2259328.0,939059.0,3013375.0,3611.0,899.0,1071.0,213.0,256.0,1172.0,320.0,852.0,279.0,206.0,227.0,295.0,70.0,104.0,32.0,344.0,246.0,180.0
01-11-2021,5.0505,2684978.0,868341.0,2949082.0,3564.0,867.0,1043.0,206.0,263.0,1185.0,335.0,851.0,727.0,708.0,780.0,738.0,377.0,522.0,258.0,491.0,324.0,509.0
01-12-2021,3.757727272727273,3008222.0,878946.0,3073064.0,3195.0,767.0,893.0,172.0,219.0,1143.0,347.0,796.0,914.0,809.0,880.0,995.0,350.0,414.0,205.0,792.0,634.0,616.0
01-01-2022,4.383,3582058.0,949215.0,2950871.0,2323.0,541.0,616.0,133.0,196.0,837.0,231.0,606.0,1303.0,1242.0,1391.0,1442.0,644.0,847.0,578.0,888.0,549.0,914.0
01-02-2022,4.691578947368421,3052434.0,803999.0,2690795.0,1643.0,358.0,404.0,96.0,164.0,620.0,163.0,457.0,994.0,933.0,1084.0,1194.0,411.0,591.0,498.0,806.0,478.0,712.0
01-03-2022,4.898260869565218,2781768.0,776847.0,3027982.0,1415.0,268.0,317.0,89.0,161.0,581.0,169.0,412.0,841.0,758.0,791.0,847.0,285.0,388.0,263.0,608.0,401.0,525.0
01-04-2022,6.595999999999999,2358188.0,743075.0,2959139.0,1567.0,253.0,324.0,92.0,176.0,721.0,233.0,489.0,544.0,495.0,567.0,578.0,156.0,217.0,52.0,422.0,337.0,342.0
01-05-2022,8.144761904761904,2240224.0,922687.0,3059893.0,1901.0,345.0,426.0,113.0,200.0,817.0,248.0,569.0,187.0,146.0,159.0,185.0,31.0,32.0,4.0,241.0,212.0,122.0
01-06-2022,7.703333333333334,2317094.0,1144526.0,2970029.0,2251.0,461.0,535.0,134.0,235.0,886.0,242.0,644.0,53.0,27.0,26.0,30.0,1.0,1.0,0.0,69.0,56.0,26.0
01-07-2022,7.2845,2589602.0,1404970.0,3093508.0,2457.0,549.0,643.0,147.0,253.0,865.0,195.0,671.0,3.0,2.0,3.0,9.0,0.0,0.0,0.0,7.0,10.0,4.0
01-08-2022,8.805652173913044,2566702.0,1380145.0,3113580.0,2640.0,614.0,747.0,157.0,241.0,881.0,185.0,696.0,3.0,3.0,14.0,18.0,0.0,0.0,0.0,11.0,8.0,6.0
01-09-2022,7.880476190476191,2293531.0,1125139.0,3059857.0,3106.0,756.0,916.0,184.0,247.0,1003.0,225.0,778.0,108.0,67.0,82.0,84.0,13.0,23.0,2.0,66.0,31.0,44.0
01-10-2022,5.6605,2362424.0,946433.0,3156233.0,3501.0,848.0,1042.0,204.0,247.0,1160.0,299.0,861.0,386.0,393.0,425.0,405.0,176.0,240.0,66.0,311.0,140.0,257.0
01-11-2022,5.450952380952381,2768946.0,902107.0,3058251.0,3483.0,840.0,1040.0,197.0,226.0,1181.0,314.0,867.0,613.0,588.0,695.0,825.0,267.0,429.0,298.0,770.0,516.0,511.0
01-12-2022,5.52952380952381,3378941.0,992402.0,3114806.0,2891.0,691.0,839.0,157.0,165.0,1040.0,270.0,770.0,983.0,980.0,1105.0,1289.0,535.0,671.0,439.0,927.0,627.0,781.0
01-01-2023,3.273000000000001,3317042.0,963753.0,3163626.0,2583.0,578.0,708.0,132.0,140.0,1025.0,297.0,728.0,926.0,843.0,999.0,1183.0,449.0,578.0,402.0,968.0,629.0,715.0
01-02-2023,2.3805263157894734,2957734.0,866638.0,2846196.0,2114.0,451.0,544.0,99.0,99.0,922.0,261.0,661.0,940.0,814.0,881.0,1031.0,307.0,414.0,330.0,831.0,591.0,621.0
01-03-2023,2.3056521739130433,3028068.0,936800.0,3196323.0,1830.0,335.0,421.0,80.0,73.0,921.0,263.0,658.0,850.0,794.0,849.0,956.0,301.0,399.0,200.0,779.0,607.0,585.0
01-04-2023,2.1631578947368424,2420034.0,862867.0,3067575.0,2063.0,410.0,481.0,95.0,100.0,977.0,278.0,699.0,468.0,367.0,442.0,488.0,116.0,187.0,86.0,452.0,355.0,297.0
01-05-2023,2.1468181818181815,2310535.0,989438.0,3196235.0,2446.0,522.0,577.0,127.0,151.0,1070.0,304.0,766.0,283.0,241.0,216.0,145.0,65.0,62.0,6.0,184.0,190.0,145.0
01-06-2023,2.177142857142857,2366079.0,1177630.0,3057137.0,2881.0,643.0,705.0,173.0,216.0,1144.0,329.0,816.0,69.0,44.0,43.0,22.0,9.0,7.0,0.0,102.0,105.0,43.0
01-07-2023,2.5509999999999997,2672061.0,1474741.0,3183137.0,3001.0,680.0,775.0,191.0,230.0,1124.0,297.0,828.0,1.0,1.0,6.0,17.0,0.0,0.0,0.0,11.0,11.0,5.0
01-08-2023,2.5830434782608696,2683066.0,1471536.0,3202498.0,3115.0,751.0,853.0,213.0,248.0,1050.0,249.0,801.0,25.0,13.0,21.0,17.0,0.0,0.0,0.0,19.0,10.0,10.0
01-09-2023,2.6365000000000003,2386277.0,1198735.0,3105466.0,3445.0,847.0,991.0,239.0,278.0,1090.0,259.0,830.0,66.0,57.0,67.0,58.0,9.0,14.0,1.0,99.0,75.0,46.0
01-10-2023,2.9814285714285713,2442786.0,1015953.0,3212305.0,3779.0,925.0,1100.0,255.0,285.0,1214.0,313.0,901.0,289.0,273.0,337.0,360.0,110.0,146.0,47.0,320.0,172.0,207.0
01-11-2023,2.7076190476190476,2825894.0,963182.0,3156146.0,3836.0,915.0,1111.0,252.0,298.0,1260.0,343.0,917.0,788.0,715.0,736.0,744.0,325.0,415.0,256.0,579.0,383.0,505.0
01-12-2023,2.523,3182367.0,1019614.0,3265794.0,3476.0,799.0,968.0,228.0,280.0,1201.0,344.0,857.0,853.0,790.0,826.0,903.0,452.0,598.0,391.0,775.0,479.0,624.0
01-01-2024,3.1761904761904765,3729812.0,1136992.0,3154708.0,2659.0,605.0,727.0,185.0,223.0,919.0,248.0,672.0,1088.0,1022.0,1192.0,1341.0,573.0,853.0,634.0,926.0,577.0,841.0
01-02-2024,1.7215,2966965.0,912713.0,3032497.0,2374.0,453.0,600.0,169.0,217.0,935.0,275.0,660.0,915.0,832.0,775.0,760.0,404.0,450.0,256.0,678.0,500.0,576.0
01-03-2024,1.493,2800749.0,919206.0,3171604.0,2259.0,363.0,510.0,162.0,227.0,996.0,294.0,701.0,762.0,671.0,690.0,738.0,270.0,358.0,185.0,643.0,491.0,489.0
01-04-2024,1.5990909090909091,2399649.0,879880.0,3040592.0,2484.0,425.0,564.0,182.0,240.0,1073.0,314.0,759.0,544.0,431.0,393.0,398.0,111.0,139.0,46.0,393.0,348.0,281.0
01-05-2024,2.1204545454545456,2338619.0,1047676.0,3146787.0,2900.0,575.0,688.0,218.0,273.0,1146.0,330.0,817.0,191.0,128.0,134.0,164.0,24.0,28.0,3.0,257.0,209.0,114.0
01-06-2024,2.5357894736842104,2430874.0,1238441.0,3081871.0,3134.0,660.0,779.0,239.0,282.0,1174.0,326.0,848.0,17.0,9.0,19.0,35.0,1.0,0.0,0.0,46.0,57.0,20.0
01-07-2024,2.075454545454545,2746362.0,1527648.0,3225035.0,3249.0,711.0,842.0,253.0,286.0,1157.0,307.0,851.0,1.0,1.0,7.0,12.0,0.0,0.0,0.0,10.0,8.0,4.0
01-08-2024,1.9904545454545457,2724003.0,1496491.0,3195021.0,3347.0,761.0,922.0,270.0,289.0,1105.0,267.0,838.0,17.0,8.0,13.0,22.0,0.0,0.0,0.0,17.0,18.0,9.0
01-09-2024,2.276,2416417.0,1222596.0,3070289.0,3548.0,846.0,1012.0,283.0,294.0,1113.0,260.0,853.0,95.0,62.0,47.0,54.0,10.0,11.0,2.0,73.0,42.0,37.0
01-10-2024,2.199090909090909,2431064.0,1070511.0,3216838.0,3864.0,920.0,1107.0,291.0,306.0,1240.0,328.0,911.0,381.0,306.0,293.0,268.0,109.0,132.0,17.0,229.0,145.0,186.0
01-11-2024,2.117,2709513.0,987483.0,3113573.0,3937.0,914.0,1115.0,289.0,310.0,1310.0,362.0,948.0,607.0,552.0,594.0,699.0,223.0,273.0,153.0,681.0,456.0,430.0
01-12-2024,3.005714285714286,3361874.0,1036809.0,3276117.0,3413.0,745.0,914.0,262.0,295.0,1197.0,349.0,848.0,1060.0,999.0,1030.0,1083.0,512.0,632.0,339.0,730.0,484.0,704.0
01-01-2025,4.126190476190477,3921479.0,1124945.0,3232733.0,2397.0,507.0,605.0,200.0,230.0,854.0,217.0,638.0,1247.0,1216.0,1357.0,1405.0,722.0,941.0,658.0,1007.0,592.0,946.0
01-02-2025,4.1889473684210525,3232476.0,931879.0,2936329.0,1760.0,340.0,396.0,166.0,199.0,658.0,150.0,509.0,1075.0,973.0,1075.0,1197.0,404.0,547.0,380.0,680.0,467.0,687.0
01-03-2025,4.12,2750862.0,830485.0,3326508.0,1773.0,284.0,364.0,165.0,202.0,758.0,218.0,540.0,790.0,673.0,677.0,668.0,272.0,348.0,149.0,557.0,475.0,470.0
01-04-2025,3.4233333333333333,2377132.0,830132.0,3205791.0,2041.0,331.0,425.0,174.0,226.0,885.0,281.0,605.0,513.0,423.0,456.0,436.0,93.0,118.0,42.0,394.0,319.0,280.0
01-05-2025,3.1185714285714283,2308136.0,972309.0,3301713.0,2598.0,498.0,579.0,205.0,261.0,1055.0,340.0,715.0,229.0,191.0,247.0,200.0,38.0,58.0,11.0,205.0,167.0,136.0
01-06-2025,3.024,2416044.0,1211356.0,3224554.0,2953.0,602.0,688.0,228.0,287.0,1148.0,342.0,806.0,25.0,10.0,18.0,34.0,1.0,0.0,0.0,56.0,53.0,20.0
01-07-2025,3.2013636363636366,2723367.0,1493789.0,3347972.0,3123.0,651.0,765.0,243.0,302.0,1162.0,316.0,846.0,2.0,0.0,2.0,9.0,0.0,0.0,0.0,11.0,15.0,4.0
01-08-2025,2.912857142857143,2642567.0,1409494.0,3368106.0,3262.0,735.0,860.0,244.0,294.0,1129.0,273.0,856.0,27.0,16.0,21.0,24.0,1.0,0.0,0.0,17.0,9.0,11.0
01-09-2025,2.974285714285714,2426542.0,1221271.0,3247818.0,3551.0,832.0,972.0,259.0,302.0,1186.0,292.0,894.0,93.0,56.0,64.0,67.0,10.0,12.0,2.0,88.0,36.0,40.0
01-10-2025,3.186086956521739,2443231.0,1035432.0,3327262.0,3905.0,909.0,1105.0,277.0,318.0,1296.0,341.0,955.0,382.0,339.0,304.0,271.0,131.0,141.0,23.0,311.0,216.0,215.0
01-11-2025,3.7941176470588234,2782526.0,946039.0,3308309.0,3913.0,888.0,1088.0,277.0,315.0,1345.0,371.0,974.0,757.0,687.0,741.0,704.0,305.0,394.0,147.0,483.0,340.0,464.0
01-12-2025,4.263809523809524,3498325.0,1047134.0,3460487.0,3364.0,736.0,864.0,254.0,307.0,1203.0,343.0,859.0,1175.0,1106.0,1187.0,1179.0,532.0,674.0,368.0,643.0,445.0,748.0
01-01-2026,7.717894736842106,3789224.0,1093057.0,3371505.0,2454.0,502.0,584.0,203.0,272.0,892.0,229.0,663.0,1290.0,1242.0,1367.0,1355.0,635.0,828.0,534.0,800.0,487.0,876.0
01-02-2026,3.621578947368421,3112596.0,946656.0,3098632.0,1876.0,322.0,397.0,187.0,257.0,712.0,169.0,544.0,1163.0,1075.0,995.0,877.0,504.0,563.0,234.0,547.0,403.0,653.0
01-03-2026,3.044090909090909,2779329.0,917974.0,3432813.0,1851.0,270.0,350.0,198.0,258.0,775.0,210.0,565.0,841.0,704.0,672.0,664.0,220.0,247.0,98.0,355.0,260.0,402.0
01-04-2026,2.7676190476190476,2395678.0,897774.0,3330684.0,2142.0,332.0,429.0,205.0,272.0,905.0,272.0,634.0,511.0,376.0,326.0,379.0,76.0,77.0,26.0,368.0,299.0,239.0
01-05-2026,2.9385000000000003,2355181.0,1004412.0,3425339.0,2578.0,480.0,573.0,218.0,298.0,1009.0,310.0,699.0,259.0,212.0,243.0,199.0,47.0,58.0,8.0,196.0,161.0,139.0
01-06-2026,3.144761904761905,2433361.0,1198789.0,3369502.0,2922.0,587.0,706.0,230.0,313.0,1086.0,330.0,756.0,26.0,18.0,35.0,38.0,1.0,1.0,0.0,64.0,52.0,24.0
