Month_Year,Henry Hub Natural Gas Spot Price Dollars per Million Btu
01-01-1997,3.555625
01-02-1997,2.1993333333333336
01-03-1997,1.8970588235294117
01-04-1997,2.0327272727272727
01-05-1997,2.245263157894737
01-06-1997,2.2054545454545456
01-07-1997,2.184
01-08-1997,2.4716666666666667
01-09-1997,2.94
01-10-1997,3.0157142857142856
01-11-1997,2.8166666666666664
01-12-1997,2.343
01-01-1998,2.0925
01-02-1998,2.2314285714285718
01-03-1998,2.2060000000000004
01-04-1998,2.4560000000000004
01-05-1998,2.1333333333333333
01-06-1998,2.1683333333333334
01-07-1998,2.158
01-08-1998,1.8150000000000002
01-09-1998,2.0541666666666667
01-10-1998,1.947142857142857
01-11-1998,2.153
01-12-1998,1.685
01-01-1999,1.8775
01-02-1999,1.7771428571428571
01-03-1999,1.832857142857143
01-04-1999,2.1275
01-05-1999,2.27
01-06-1999,2.294285714285714
01-07-1999,2.34
01-08-1999,2.8129999999999997
01-09-1999,2.4966666666666666
01-10-1999,2.724
01-11-1999,2.46
01-12-1999,2.315
01-01-2000,2.386
01-02-2000,2.5866666666666664
01-03-2000,2.814
01-04-2000,3.052222222222222
01-05-2000,3.8871428571428575
01-06-2000,4.299444444444444
01-07-2000,3.968
01-08-2000,4.406666666666667
01-09-2000,4.92
01-10-2000,4.958181818181818
01-11-2000,5.414
01-12-2000,8.53357142857143
01-01-2001,8.65
01-02-2001,5.5200000000000005
01-03-2001,5.244545454545454
01-04-2001,5.068
01-05-2001,4.225
01-06-2001,3.6837500000000003
01-07-2001,3.12
01-08-2001,3.0100000000000002
01-09-2001,2.152857142857143
01-10-2001,2.4557142857142855
01-11-2001,2.24125
01-12-2001,2.37125
01-01-2002,2.3328571428571427
01-02-2002,2.3375
01-03-2002,2.93
01-04-2002,3.3240000000000003
01-05-2002,3.375
01-06-2002,3.3840000000000003
01-07-2002,3.07
01-08-2002,3.17
01-09-2002,3.622
01-10-2002,4.293333333333333
01-11-2002,4.0842857142857145
01-12-2002,4.751666666666666
01-01-2003,5.61
01-02-2003,9.345714285714285
01-03-2003,6.075
01-04-2003,5.22
01-05-2003,5.32
01-06-2003,6.0225
01-07-2003,5.072222222222222
01-08-2003,4.953333333333333
01-09-2003,4.636
01-10-2003,4.703
01-11-2003,4.295
01-12-2003,5.8774999999999995
01-01-2004,6.201428571428572
01-02-2004,5.302
01-04-2004,5.7
01-05-2004,6.2475
01-06-2004,6.285
01-07-2004,5.944
01-08-2004,5.11
01-09-2004,5.05125
01-10-2004,6.16
01-11-2004,6.293333333333333
01-12-2004,6.902857142857143
01-01-2005,5.985714285714286
01-02-2005,6.288
01-03-2005,7.021666666666667
01-04-2005,7.236
01-05-2005,6.533333333333334
01-06-2005,7.34
01-07-2005,7.5675
01-08-2005,8.995000000000001
01-09-2005,11.819090909090908
01-10-2005,13.433333333333332
01-11-2005,9.94
01-12-2005,12.072
01-01-2006,9.072
01-02-2006,7.300000000000001
01-03-2006,7.00125
01-04-2006,6.904999999999999
01-05-2006,6.204285714285715
01-06-2006,6.313000000000001
01-07-2006,5.944
01-08-2006,6.8225
01-09-2006,5.002000000000001
01-10-2006,5.59
01-11-2006,7.723333333333334
01-12-2006,6.87
01-01-2007,7.555
01-02-2007,7.835
01-03-2007,7.2125
01-04-2007,7.580588235294118
01-05-2007,7.637272727272728
01-06-2007,7.346190476190476
01-07-2007,6.218571428571429
01-08-2007,6.217826086956522
01-09-2007,6.079473684210527
01-10-2007,6.738181818181818
01-11-2007,7.102380952380953
01-12-2007,7.1045
01-01-2008,7.9852380952380955
01-02-2008,8.544
01-03-2008,9.413
01-04-2008,10.181363636363637
01-05-2008,11.269047619047619
01-06-2008,12.685238095238095
01-07-2008,11.088636363636363
01-08-2008,8.256666666666666
01-09-2008,7.673809523809524
01-10-2008,6.736521739130435
01-11-2008,6.683684210526316
01-12-2008,5.815454545454545
01-01-2009,5.2405
01-02-2009,4.54111111111111
01-03-2009,3.9595454545454545
01-04-2009,3.494761904761905
01-05-2009,3.8325000000000005
01-06-2009,3.8004545454545453
01-07-2009,3.3790476190476193
01-08-2009,3.1409523809523807
01-09-2009,2.986666666666667
01-10-2009,4.007727272727273
01-11-2009,3.6630000000000003
01-12-2009,5.347727272727273
01-01-2010,5.832105263157895
01-02-2010,5.32
01-03-2010,4.290869565217391
01-04-2010,4.033809523809524
01-05-2010,4.14
01-06-2010,4.801363636363636
01-07-2010,4.626666666666667
01-08-2010,4.315
01-09-2010,3.894285714285714
01-10-2010,3.4342857142857146
01-11-2010,3.7138095238095237
01-12-2010,4.248636363636364
01-01-2011,4.4935
01-02-2011,4.092631578947369
01-03-2011,3.9505000000000003
01-04-2011,4.218666666666667
01-05-2011,4.310952380952381
01-06-2011,4.578333333333333
01-07-2011,4.427222222222222
01-08-2011,4.054782608695652
01-09-2011,3.8961904761904758
01-10-2011,3.5657142857142854
01-11-2011,3.238571428571429
01-12-2011,3.1695238095238096
01-01-2012,2.6705
01-02-2012,2.5044999999999997
01-03-2012,2.171818181818182
01-04-2012,1.9449999999999998
01-05-2012,2.4318181818181817
01-06-2012,2.455238095238095
01-07-2012,2.9533333333333336
01-08-2012,2.8382608695652176
01-09-2012,2.8478947368421053
01-10-2012,3.317391304347826
01-11-2012,3.5404761904761903
01-12-2012,3.3415
01-01-2013,3.3285714285714287
01-02-2013,3.3299999999999996
01-03-2013,3.8095
01-04-2013,4.166363636363636
01-05-2013,4.041363636363636
01-06-2013,3.8259999999999996
01-07-2013,3.622727272727273
01-08-2013,3.4254545454545453
01-09-2013,3.62
01-10-2013,3.677826086956522
01-11-2013,3.6380000000000003
01-12-2013,4.239047619047619
01-01-2014,4.713333333333334
01-02-2014,6.000526315789474
01-03-2014,4.903333333333333
01-04-2014,4.657619047619048
01-05-2014,4.581904761904762
01-06-2014,4.5876190476190475
01-07-2014,4.050909090909091
01-08-2014,3.912380952380952
01-09-2014,3.923809523809524
01-10-2014,3.781739130434783
01-11-2014,4.122631578947368
01-12-2014,3.4818181818181815
01-01-2015,2.9945
01-02-2015,2.874736842105263
01-03-2015,2.830909090909091
01-04-2015,2.609047619047619
01-05-2015,2.85
01-06-2015,2.7836363636363637
01-07-2015,2.8395652173913044
01-08-2015,2.7738095238095237
01-09-2015,2.6609090909090907
01-10-2015,2.340909090909091
01-11-2015,2.0923809523809522
01-12-2015,1.929565217391304
01-01-2016,2.282380952380952
01-02-2016,1.9890476190476192
01-03-2016,1.7282608695652173
01-04-2016,1.9185714285714286
01-05-2016,1.9222727272727271
01-06-2016,2.5863636363636364
01-07-2016,2.822857142857143
01-08-2016,2.823913043478261
01-09-2016,2.9936363636363637
01-10-2016,2.9785714285714286
01-11-2016,2.549545454545455
01-12-2016,3.5913636363636368
01-01-2017,3.3045454545454547
01-02-2017,2.853
01-03-2017,2.8795652173913044
01-04-2017,3.102
01-05-2017,3.1495652173913045
01-06-2017,2.975454545454545
01-07-2017,2.9842857142857144
01-08-2017,2.901304347826087
01-09-2017,2.975714285714286
01-10-2017,2.8786363636363634
01-11-2017,3.0136363636363637
01-12-2017,2.8225000000000002
01-01-2018,3.8755
01-02-2018,2.670526315789474
01-03-2018,2.6928571428571426
01-04-2018,2.796190476190476
01-05-2018,2.800909090909091
01-06-2018,2.967142857142857
01-07-2018,2.8323809523809524
01-08-2018,2.9617391304347827
01-09-2018,2.995263157894737
01-10-2018,3.2752173913043476
01-11-2018,4.091
01-12-2018,4.041666666666667
01-01-2019,3.1085714285714285
01-02-2019,2.6926315789473683
01-03-2019,2.948571428571429
01-04-2019,2.6471428571428572
01-05-2019,2.639090909090909
01-06-2019,2.3985
01-07-2019,2.366190476190476
01-08-2019,2.2209090909090907
01-09-2019,2.559
01-10-2019,2.331304347826087
01-11-2019,2.641578947368421
01-12-2019,2.224285714285714
01-01-2020,2.0185714285714287
01-02-2020,1.9131578947368422
01-03-2020,1.7886363636363638
01-04-2020,1.7390476190476192
01-05-2020,1.7485
01-06-2020,1.6318181818181818
01-07-2020,1.7586363636363636
01-08-2020,2.3023809523809526
01-09-2020,1.9223809523809523
01-10-2020,2.389090909090909
01-11-2020,2.6136842105263156
01-12-2020,2.575909090909091
01-01-2021,2.7126315789473683
01-02-2021,5.353684210526316
01-03-2021,2.6182608695652174
01-04-2021,2.662857142857143
01-05-2021,2.9125
01-06-2021,3.258181818181818
01-07-2021,3.8404761904761906
01-08-2021,4.074090909090909
01-09-2021,5.161428571428571
01-10-2021,5.513809523809523
01-11-2021,5.0505
01-12-2021,3.757727272727273
01-01-2022,4.383
01-02-2022,4.691578947368421
01-03-2022,4.898260869565218
01-04-2022,6.595999999999999
01-05-2022,8.144761904761904
01-06-2022,7.703333333333334
01-07-2022,7.2844999999999995
01-08-2022,8.805652173913044
01-09-2022,7.880476190476191
01-10-2022,5.6605
01-11-2022,5.450952380952381
01-12-2022,5.52952380952381
01-01-2023,3.2730000000000006
01-02-2023,2.3805263157894734
01-03-2023,2.3056521739130433
01-04-2023,2.1631578947368424
01-05-2023,2.1468181818181815
01-06-2023,2.177142857142857
01-07-2023,2.5509999999999997
01-08-2023,2.5830434782608696
01-09-2023,2.6365000000000003
01-10-2023,2.9814285714285713
01-11-2023,2.7076190476190476
01-12-2023,2.523
01-01-2024,3.1761904761904765
01-02-2024,1.7215
01-03-2024,1.4929999999999999
01-04-2024,1.5990909090909091
01-05-2024,2.1204545454545456
01-06-2024,2.5357894736842104
01-07-2024,2.075454545454545
01-08-2024,1.9904545454545455
01-09-2024,2.276
01-10-2024,2.199090909090909
01-11-2024,2.117
01-12-2024,3.005714285714286
01-01-2025,4.126190476190477
01-02-2025,4.1889473684210525
01-03-2025,4.12
01-04-2025,3.4233333333333333
01-05-2025,3.1185714285714283
01-06-2025,3.024
01-07-2025,3.2013636363636366
01-08-2025,2.912857142857143
01-09-2025,2.974285714285714
01-10-2025,3.186086956521739
01-11-2025,3.7941176470588234
01-12-2025,4.263809523809524
01-01-2026,7.717894736842106
01-02-2026,3.621578947368421
01-03-2026,3.044090909090909
01-04-2026,2.7676190476190476
01-05-2026,2.9385000000000003
01-06-2026,3.144761904761905
01-07-2026,2.887272727272727
01-08-2026,2.7852380952380953
01-09-2026,2.89
