Month_Year,U.S. Natural Gas Deliveries to Electric Power Consumers  Million Cubic Feet
01-01-2001,340292
01-02-2001,312843
01-03-2001,362843
01-04-2001,384494
01-05-2001,433923
01-06-2001,492819
01-07-2001,634425
01-08-2001,686753
01-09-2001,510262
01-10-2001,466080
01-11-2001,350549
01-12-2001,367018
01-01-2002,381434
01-02-2002,344243
01-03-2002,406516
01-04-2002,404384
01-05-2002,410108
01-06-2002,550941
01-07-2002,733887
01-08-2002,717592
01-09-2002,568699
01-10-2002,442357
01-11-2002,351612
01-12-2002,360123
01-01-2003,382443
01-02-2003,334698
01-03-2003,361243
01-04-2003,352164
01-05-2003,394021
01-06-2003,435598
01-07-2003,630270
01-08-2003,683513
01-09-2003,468510
01-10-2003,408817
01-11-2003,348129
01-12-2003,335810
01-01-2004,361401
01-02-2004,373466
01-03-2004,375203
01-04-2004,389328
01-05-2004,485114
01-06-2004,508140
01-07-2004,626401
01-08-2004,612571
01-09-2004,529440
01-10-2004,439841
01-11-2004,376169
01-12-2004,386690
01-01-2005,384710
01-02-2005,330547
01-03-2005,386309
01-04-2005,390358
01-05-2005,422978
01-06-2005,594137
01-07-2005,777000
01-08-2005,791293
01-09-2005,577543
01-10-2005,434692
01-11-2005,373351
01-12-2005,406226
01-01-2006,318364
01-02-2006,346138
01-03-2006,406970
01-04-2006,426027
01-05-2006,504409
01-06-2006,629660
01-07-2006,863531
01-08-2006,840197
01-09-2006,548321
01-10-2006,527532
01-11-2006,396586
01-12-2006,414365
01-01-2007,448149
01-02-2007,425485
01-03-2007,416015
01-04-2007,453144
01-05-2007,507089
01-06-2007,628467
01-07-2007,760521
01-08-2007,969433
01-09-2007,683327
01-10-2007,604092
01-11-2007,448180
01-12-2007,497505
01-01-2008,531460
01-02-2008,438868
01-03-2008,460763
01-04-2008,469607
01-05-2008,475467
01-06-2008,665436
01-07-2008,782039
01-08-2008,762946
01-09-2008,602565
01-10-2008,545244
01-11-2008,457591
01-12-2008,476394
01-01-2009,487426
01-02-2009,453472
01-03-2009,499678
01-04-2009,451395
01-05-2009,515476
01-06-2009,642797
01-07-2009,778017
01-08-2009,840317
01-09-2009,690011
01-10-2009,537013
01-11-2009,457085
01-12-2009,519846
01-01-2010,545811
01-02-2010,479615
01-03-2010,456864
01-04-2010,471481
01-05-2010,559665
01-06-2010,705665
01-07-2010,897182
01-08-2010,943002
01-09-2010,696723
01-10-2010,570363
01-11-2010,496539
01-12-2010,564274
01-01-2011,539792
01-02-2011,483686
01-03-2011,481926
01-04-2011,521453
01-05-2011,571998
01-06-2011,699414
01-07-2011,938575
01-08-2011,921449
01-09-2011,684198
01-10-2011,574932
01-11-2011,542546
01-12-2011,613894
01-01-2012,648823
01-02-2012,644530
01-03-2012,674099
01-04-2012,714338
01-05-2012,812467
01-06-2012,879881
01-07-2012,1081688
01-08-2012,1003938
01-09-2012,802588
01-10-2012,669195
01-11-2012,579745
01-12-2012,599502
01-01-2013,631685
01-02-2013,568388
01-03-2013,603910
01-04-2013,564827
01-05-2013,614808
01-06-2013,737150
01-07-2013,911124
01-08-2013,900530
01-09-2013,751482
01-10-2013,637038
01-11-2013,601019
01-12-2013,668792
01-01-2014,662881
01-02-2014,551109
01-03-2014,560808
01-04-2014,548899
01-05-2014,646929
01-06-2014,720750
01-07-2014,843303
01-08-2014,897806
01-09-2014,770947
01-10-2014,703390
01-11-2014,600392
01-12-2014,638769
01-01-2015,711324
01-02-2015,648343
01-03-2015,708731
01-04-2015,664276
01-05-2015,734486
01-06-2015,886475
01-07-2015,1045542
01-08-2015,1026590
01-09-2015,895044
01-10-2015,791541
01-11-2015,732413
01-12-2015,768606
01-01-2016,773954
01-02-2016,689800
01-03-2016,744765
01-04-2016,718893
01-05-2016,804431
01-06-2016,970308
01-07-2016,1139968
01-08-2016,1151236
01-09-2016,915286
01-10-2016,743796
01-11-2016,662046
01-12-2016,670787
01-01-2017,659623
01-02-2017,568781
01-03-2017,672176
01-04-2017,627049
01-05-2017,700059
01-06-2017,851035
01-07-2017,1081826
01-08-2017,1022019
01-09-2017,859260
01-10-2017,772543
01-11-2017,666156
01-12-2017,785029
01-01-2018,786001
01-02-2018,690022
01-03-2018,756528
01-04-2018,703919
01-05-2018,848085
01-06-2018,952554
01-07-2018,1223514
01-08-2018,1185530
01-09-2018,1029799
01-10-2018,887814
01-11-2018,762951
01-12-2018,762221
01-01-2019,848519
01-02-2019,779310
01-03-2019,813526
01-04-2019,739680
01-05-2019,836087
01-06-2019,990562
01-07-2019,1254667
01-08-2019,1277904
01-09-2019,1080775
01-10-2019,936668
01-11-2019,818868
01-12-2019,911529
01-01-2020,948931
01-02-2020,893044
01-03-2020,890784
01-04-2020,777804
01-05-2020,837108
01-06-2020,1041101
01-07-2020,1345797
01-08-2020,1276048
01-09-2020,1015907
01-10-2020,948293
01-11-2020,772059
01-12-2020,884847
01-01-2021,864025
01-02-2021,784546
01-03-2021,741980
01-04-2021,761281
01-05-2021,813818
01-06-2021,1087086
01-07-2021,1238444
01-08-2021,1262329
01-09-2021,988732
01-10-2021,939059
01-11-2021,868341
01-12-2021,878946
01-01-2022,949215
01-02-2022,803999
01-03-2022,776847
01-04-2022,743075
01-05-2022,922687
01-06-2022,1144526
01-07-2022,1404970
01-08-2022,1380145
01-09-2022,1125139
01-10-2022,946433
01-11-2022,902107
01-12-2022,992402
01-01-2023,963753
01-02-2023,866638
01-03-2023,936800
01-04-2023,862867
01-05-2023,989438
01-06-2023,1177630
01-07-2023,1474741
01-08-2023,1471536
01-09-2023,1198735
01-10-2023,1015953
01-11-2023,963182
01-12-2023,1019614
01-01-2024,1136992
01-02-2024,912713
01-03-2024,919206
01-04-2024,879880
01-05-2024,1047676
01-06-2024,1238441
01-07-2024,1527648
01-08-2024,1496491
01-09-2024,1222596
01-10-2024,1070511
01-11-2024,987483
01-12-2024,1036809
01-01-2025,1124945
01-02-2025,931879
01-03-2025,830485
01-04-2025,830132
01-05-2025,972309
01-06-2025,1211356
01-07-2025,1493789
01-08-2025,1409494
01-09-2025,1221271
01-10-2025,1035432
01-11-2025,946039
01-12-2025,1047134
01-01-2026,1093057
01-02-2026,946656
01-03-2026,917974
01-04-2026,897774
01-05-2026,1004412
01-06-2026,1198789
