Month_Year,U.S. Dry Natural Gas Production  Million Cubic Feet
01-01-1997,1617923
01-02-1997,1465907
01-03-1997,1627602
01-04-1997,1551268
01-05-1997,1610527
01-06-1997,1525325
01-07-1997,1584526
01-08-1997,1581520
01-09-1997,1545194
01-10-1997,1597116
01-11-1997,1547069
01-12-1997,1575412
01-01-1998,1658885
01-02-1998,1476580
01-03-1998,1648339
01-04-1998,1591701
01-05-1998,1650538
01-06-1998,1582144
01-07-1998,1611386
01-08-1998,1622594
01-09-1998,1473001
01-10-1998,1589442
01-11-1998,1539977
01-12-1998,1578976
01-01-1999,1625336
01-02-1999,1465120
01-03-1999,1621893
01-04-1999,1549496
01-05-1999,1578623
01-06-1999,1540990
01-07-1999,1585739
01-08-1999,1582361
01-09-1999,1531563
01-10-1999,1587111
01-11-1999,1560232
01-12-1999,1603767
01-01-2000,1622726
01-02-2000,1494676
01-03-2000,1635707
01-04-2000,1546594
01-05-2000,1606752
01-06-2000,1568345
01-07-2000,1620073
01-08-2000,1632320
01-09-2000,1579598
01-10-2000,1661990
01-11-2000,1581133
01-12-2000,1632066
01-01-2001,1671928
01-02-2001,1509163
01-03-2001,1684817
01-04-2001,1624316
01-05-2001,1681372
01-06-2001,1607397
01-07-2001,1656620
01-08-2001,1656714
01-09-2001,1610366
01-10-2001,1675894
01-11-2001,1593864
01-12-2001,1643859
01-01-2002,1618892
01-02-2002,1449623
01-03-2002,1619570
01-04-2002,1565063
01-05-2002,1628885
01-06-2002,1569228
01-07-2002,1636448
01-08-2002,1603278
01-09-2002,1516304
01-10-2002,1551787
01-11-2002,1555595
01-12-2002,1613115
01-01-2003,1616551
01-02-2003,1469711
01-03-2003,1662980
01-04-2003,1592310
01-05-2003,1625900
01-06-2003,1574488
01-07-2003,1594080
01-08-2003,1626469
01-09-2003,1566968
01-10-2003,1620293
01-11-2003,1549049
01-12-2003,1599746
01-01-2004,1594905
01-02-2004,1477801
01-03-2004,1605170
01-04-2004,1551873
01-05-2004,1575675
01-06-2004,1542230
01-07-2004,1589277
01-08-2004,1575564
01-09-2004,1476771
01-10-2004,1543492
01-11-2004,1508532
01-12-2004,1549599
01-01-2005,1557077
01-02-2005,1428897
01-03-2005,1609208
01-04-2005,1539843
01-05-2005,1575574
01-06-2005,1537105
01-07-2005,1552062
01-08-2005,1544420
01-09-2005,1336065
01-10-2005,1407287
01-11-2005,1444276
01-12-2005,1518785
01-01-2006,1535797
01-02-2006,1383249
01-03-2006,1555228
01-04-2006,1497231
01-05-2006,1555948
01-06-2006,1538715
01-07-2006,1573274
01-08-2006,1578728
01-09-2006,1541937
01-10-2006,1597178
01-11-2006,1539917
01-12-2006,1606404
01-01-2007,1576351
01-02-2007,1443745
01-03-2007,1624634
01-04-2007,1551743
01-05-2007,1643202
01-06-2007,1589702
01-07-2007,1624779
01-08-2007,1633875
01-09-2007,1597600
01-10-2007,1653527
01-11-2007,1633438
01-12-2007,1693431
01-01-2008,1685717
01-02-2008,1590851
01-03-2008,1722591
01-04-2008,1661637
01-05-2008,1716720
01-06-2008,1681469
01-07-2008,1769052
01-08-2008,1743909
01-09-2008,1488620
01-10-2008,1675027
01-11-2008,1678551
01-12-2008,1744458
01-01-2009,1781981
01-02-2009,1624266
01-03-2009,1786352
01-04-2009,1698876
01-05-2009,1756127
01-06-2009,1707221
01-07-2009,1741332
01-08-2009,1755132
01-09-2009,1651952
01-10-2009,1729056
01-11-2009,1674378
01-12-2009,1717182
01-01-2010,1737233
01-02-2010,1602690
01-03-2010,1775686
01-04-2010,1726918
01-05-2010,1796596
01-06-2010,1716613
01-07-2010,1805745
01-08-2010,1826614
01-09-2010,1772370
01-10-2010,1862916
01-11-2010,1802484
01-12-2010,1889640
01-01-2011,1860566
01-02-2011,1647326
01-03-2011,1907851
01-04-2011,1868299
01-05-2011,1934850
01-06-2011,1862207
01-07-2011,1936850
01-08-2011,1959548
01-09-2011,1893345
01-10-2011,2018734
01-11-2011,1978161
01-12-2011,2034141
01-01-2012,2046268
01-02-2012,1876815
01-03-2012,2013944
01-04-2012,1943437
01-05-2012,2016486
01-06-2012,1939055
01-07-2012,2055476
01-08-2012,2045359
01-09-2012,1990747
01-10-2012,2061550
01-11-2012,1997917
01-12-2012,2046213
01-01-2013,2023011
01-02-2013,1832561
01-03-2013,2023443
01-04-2013,1983451
01-05-2013,2042563
01-06-2013,1973764
01-07-2013,2079830
01-08-2013,2075354
01-09-2013,2003186
01-10-2013,2076228
01-11-2013,2029834
01-12-2013,2062296
01-01-2014,2070203
01-02-2014,1914141
01-03-2014,2134549
01-04-2014,2116226
01-05-2014,2174959
01-06-2014,2115666
01-07-2014,2232675
01-08-2014,2244834
01-09-2014,2171651
01-10-2014,2266298
01-11-2014,2179157
01-12-2014,2269247
01-01-2015,2276791
01-02-2015,2066675
01-03-2015,2298208
01-04-2015,2256179
01-05-2015,2297826
01-06-2015,2218529
01-07-2015,2299745
01-08-2015,2302361
01-09-2015,2242155
01-10-2015,2300017
01-11-2015,2216479
01-12-2015,2290495
01-01-2016,2280340
01-02-2016,2163435
01-03-2016,2286521
01-04-2016,2211218
01-05-2016,2258898
01-06-2016,2165089
01-07-2016,2255564
01-08-2016,2237678
01-09-2016,2151150
01-10-2016,2214145
01-11-2016,2160600
01-12-2016,2207475
01-01-2017,2187447
01-02-2017,2003393
01-03-2017,2268204
01-04-2017,2197733
01-05-2017,2270953
01-06-2017,2219000
01-07-2017,2316614
01-08-2017,2315312
01-09-2017,2279811
01-10-2017,2397665
01-11-2017,2392537
01-12-2017,2491914
01-01-2018,2441063
01-02-2018,2250905
01-03-2018,2521151
01-04-2018,2435681
01-05-2018,2545810
01-06-2018,2476154
01-07-2018,2609653
01-08-2018,2662285
01-09-2018,2618670
01-10-2018,2740273
01-11-2018,2698177
01-12-2018,2774454
01-01-2019,2766868
01-02-2019,2516133
01-03-2019,2798471
01-04-2019,2721306
01-05-2019,2833477
01-06-2019,2749637
01-07-2019,2856964
01-08-2019,2926429
01-09-2019,2842862
01-10-2019,2963416
01-11-2019,2914843
01-12-2019,3008614
01-01-2020,3018453
01-02-2020,2769451
01-03-2020,2952802
01-04-2020,2850742
01-05-2020,2723828
01-06-2020,2712029
01-07-2020,2800638
01-08-2020,2802176
01-09-2020,2738793
01-10-2020,2780936
01-11-2020,2774983
01-12-2020,2886298
01-01-2021,2871976
01-02-2021,2401865
01-03-2021,2900170
01-04-2021,2828588
01-05-2021,2920531
01-06-2021,2816197
01-07-2021,2937568
01-08-2021,2946272
01-09-2021,2870587
01-10-2021,3013375
01-11-2021,2949082
01-12-2021,3073064
01-01-2022,2950871
01-02-2022,2690795
01-03-2022,3027982
01-04-2022,2959139
01-05-2022,3059893
01-06-2022,2970029
01-07-2022,3093508
01-08-2022,3113580
01-09-2022,3059857
01-10-2022,3156233
01-11-2022,3058251
01-12-2022,3114806
01-01-2023,3163626
01-02-2023,2846196
01-03-2023,3196323
01-04-2023,3067575
01-05-2023,3196235
01-06-2023,3057137
01-07-2023,3183137
01-08-2023,3202498
01-09-2023,3105466
01-10-2023,3212305
01-11-2023,3156146
01-12-2023,3265794
01-01-2024,3154708
01-02-2024,3032497
01-03-2024,3171604
01-04-2024,3040592
01-05-2024,3146787
01-06-2024,3081871
01-07-2024,3225035
01-08-2024,3195021
01-09-2024,3070289
01-10-2024,3216838
01-11-2024,3113573
01-12-2024,3276117
01-01-2025,3232733
01-02-2025,2936329
01-03-2025,3326508
01-04-2025,3205791
01-05-2025,3301713
01-06-2025,3224554
01-07-2025,3347972
01-08-2025,3368106
01-09-2025,3247818
01-10-2025,3327262
01-11-2025,3308309
01-12-2025,3460487
01-01-2026,3371505
01-02-2026,3098632
01-03-2026,3432813
01-04-2026,3330684
01-05-2026,3425339
01-06-2026,3369502
